"__AggregationOverrideSettings","__AggregationSettings","__ViewSettings","AverageShortestPathLength","BetweennessCentrality","ClosenessCentrality","ClusteringCoefficient","Degree","degree.layout","Eccentricity","IsSingleNode","name","NeighborhoodConnectivity","NumberOfDirectedEdges","NumberOfUndirectedEdges","NumChildren","NumDescendents","PartnerOfMultiEdgedNodePairs","Radiality","selected","SelfLoops","shared name","Stress","TopologicalCoefficient"
"","","","1.770012706480305","6.136085821581367E-4","0.5649676956209619","0.6799418076013821","235",,"4","false","PgR020_g080","280.9148936170213","0","235",,,"0","0.9982092727756272","true","0","PgR020_g080","38140","0.3821971341728181"
"","","","1.6772554002541296","0.0023400129144849242","0.5962121212121212","0.5571919377004123","296",,"4","false","PgR020_g082","253.54054054054055","0","296",,,"0","0.9984249874412695","true","0","PgR020_g082","97886","0.3398666763278023"
"","","","1.7179161372299874","0.0011515346368739731","0.5821005917159763","0.6630772356543697","263",,"4","false","PgR020_g102","280.84410646387835","0","263",,,"0","0.9983304275878373","true","0","PgR020_g102","55256","0.37495875362333553"
"","","","1.5692503176620076","0.005207221674127495","0.637246963562753","0.5203164934727047","362",,"4","false","PgR020_g130","250.14917127071823","0","362",,,"0","0.9986761620519488","true","0","PgR020_g130","181316","0.3269923807460369"
"","","","2.002541296060991","3.149321962067294E-4","0.4993654822335025","0.5531284709366902","74",,"4","false","PgR021_g037","228.04054054054055","0","74",,,"0","0.9976685086138116","true","0","PgR021_g037","9654","0.31983245517607367"
"","","","2.2083862770012708","2.0238118432983234E-4","0.45281933256616796","0.3333333333333333","19",,"4","false","PgR001X_g014","166.73684210526315","0","19",,,"0","0.997189799355811","true","0","PgR001X_g014","3614","0.27460331223445766"
"","","","1.8818297331639136","0.0011500723366014032","0.5313977042538826","0.617624521072797","145",,"4","false","PgR024_g036","266.5586206896552","0","145",,,"0","0.9979492331786887","true","0","PgR024_g036","48270","0.3616806250877275"
"","","","1.8881829733163913","9.083336178482128E-4","0.5296096904441454","0.512881064834693","137",,"4","false","PgR024_g046","236.43065693430657","0","137",,,"0","0.9979344582015898","true","0","PgR024_g046","26246","0.3190697124619522"
"","","","1.5870393900889455","0.0027758120058419236","0.6301040832666133","0.5816522574447647","348",,"3","false","PgR024_g099","264.5919540229885","0","348",,,"0","0.9986347921160722","true","0","PgR024_g099","121628","0.34632454715050853"
"","","","1.7306226175349428","0.002311004526944817","0.5778267254038179","0.5556766639710278","239",,"3","false","PgR024_g110","257.69456066945605","0","239",,,"0","0.9983008776336396","true","0","PgR024_g110","89376","0.33907179035454743"
"","","","1.687420584498094","0.00443528456770969","0.5926204819277109","0.5674319840743198","275",,"4","false","PgR025_g038","256.1272727272727","0","275",,,"0","0.9984013474779113","true","0","PgR025_g038","146158","0.3374535872559588"
"","","","1.6836086404066073","0.0024239140275886654","0.5939622641509434","0.5765892501658925","275",,"4","false","PgR026_g013","255.24363636363637","0","275",,,"0","0.9984102124641707","true","0","PgR026_g013","89030","0.33496540205201625"
"","","","1.7255400254129607","8.26701140913596E-4","0.5795287187039764","0.6697640594699418","273",,"4","false","PgR026_g022","273.42124542124543","0","273",,,"0","0.9983126976153187","true","0","PgR026_g022","57548","0.37403727143809223"
"","","","1.6607369758576873","0.0014405221047101725","0.6021423106350421","0.6742459494902492","308",,"4","false","PgR026_g023","281.3344155844156","0","308",,,"0","0.9984634023817264","true","0","PgR026_g023","68914","0.3766190302334881"
"","","","1.627700127064803","0.0035624987316207214","0.6143637782982045","0.5701627486437613","316",,"4","false","PgR026_g038","256.37974683544303","0","316",,,"0","0.9985402322626399","true","0","PgR026_g038","136106","0.3351369239678994"
"","","","1.6886912325285897","0.0032407775590089006","0.5921745673438675","0.6075450915599615","270",,"4","false","PgR026_g047","263.07037037037037","0","270",,,"0","0.9983983924824916","true","0","PgR026_g047","116804","0.34478423377505946"
"","","","1.6238881829733165","0.005205365087057949","0.6158059467918623","0.5039783480189658","314",,"4","false","PgR026_g098","243.7420382165605","0","314",,,"0","0.9985490972488993","true","0","PgR026_g098","183106","0.3165481015799487"
"","","","1.7674714104193139","0.0012330265981351884","0.5657800143781452","0.648529602280088","249",,"4","false","PgR027_g032","265.0722891566265","0","249",,,"0","0.9982151827664667","true","0","PgR027_g032","58064","0.36612194634893164"
"","","","1.9479034307496823","5.80972287534826E-4","0.5133724722765819","0.5538461538461539","91",,"4","false","PgR027_g038","236.5934065934066","0","91",,,"0","0.9977955734168612","true","0","PgR027_g038","20422","0.3201534595309967"
"","","","1.721728081321474","0.002216560192185293","0.5808118081180812","0.5660059593211556","249",,"4","false","PgR027_g050","261.2570281124498","0","249",,,"0","0.9983215626015779","true","0","PgR027_g050","78336","0.3446662640005934"
"","","","1.5870393900889455","0.0020090419164786434","0.6301040832666133","0.6007906403546678","354",,"4","false","PgR027_g064","267.51129943502826","0","354",,,"0","0.9986347921160722","true","0","PgR027_g064","100790","0.35245230492098584"
"","","","1.9453621346886911","4.326048845046103E-4","0.5140431090790334","0.6179123711340206","97",,"4","false","PgR027_g144","263.74226804123714","0","97",,,"0","0.9978014834077007","true","0","PgR027_g144","14530","0.35932189106435575"
"","","","1.4866581956797966","0.004513705535596722","0.6726495726495727","0.5160502205632846","421",,"3","false","PgR027_g149","250.09501187648456","0","421",,,"0","0.998868236754233","true","0","PgR027_g149","203770","0.3247987167227072"
"","","","1.6480304955527318","0.0038424148611769125","0.6067848882035467","0.5427201783723523","300",,"4","false","PgR028_g039","251.98666666666668","0","300",,,"0","0.9984929523359238","true","0","PgR028_g039","120952","0.32939433551198255"
"","","","1.6556543837357052","0.0036572201472550698","0.6039907904834997","0.5530635462376077","294",,"3","false","PgR028_g045","255.20068027210885","0","294",,,"0","0.9984752223634054","true","0","PgR028_g045","129854","0.33403230402108486"
"","","","1.9783989834815756","4.759756844020787E-4","0.5054592164418754","0.5218354430379747","80",,"4","false","PgR028_g068","219.3875","0","80",,,"0","0.9977246535267871","true","0","PgR028_g068","15354","0.30260344827586205"
"","","","1.664548919949174","0.0015655215811211758","0.600763358778626","0.5850763884335454","303",,"4","false","PgR028_g090","264.003300330033","0","303",,,"0","0.998454537395467","true","0","PgR028_g090","81240","0.352004400440044"
"","","","1.6238881829733165","0.001940031063179974","0.6158059467918623","0.6237599761318714","328",,"4","false","PgR029_g048","272.4024390243902","0","328",,,"0","0.9985490972488993","true","0","PgR029_g048","96130","0.359844701485324"
"","","","1.6099110546378652","0.0014181926498363993","0.6211523283346488","0.6205489614243324","337",,"4","false","PgR029_g053","271.9080118694362","0","337",,,"0","0.9985816021985167","true","0","PgR029_g053","83082","0.35871769375915064"
"","","","1.6238881829733165","0.0015335153246905213","0.6158059467918623","0.6171880791756246","329",,"4","false","PgR029_g076","272.0243161094225","0","329",,,"0","0.9985490972488993","true","0","PgR029_g076","86568","0.36029710742969867"
"","","","1.664548919949174","0.0013352139886345035","0.600763358778626","0.6312596279179997","291",,"4","false","PgR029_g096","271.8213058419244","0","291",,,"0","0.998454537395467","true","0","PgR029_g096","64528","0.35718962659911224"
"","","","1.5628970775095299","0.0038772475471768263","0.6398373983739837","0.5563299713984645","365",,"4","false","PgR030_g010","259.2","0","365",,,"0","0.9986909370290475","true","0","PgR030_g010","150014","0.3379400260756193"
"","","","1.7534942820838628","0.00247957057410995","0.5702898550724638","0.567787610619469","226",,"4","false","PgR030_g030","258.7345132743363","0","226",,,"0","0.9982476877160841","true","0","PgR030_g030","91584","0.342241419675048"
"","","","1.5031766200762389","0.0062432713340047335","0.665257819103973","0.49735973597359734","405",,"3","false","PgR030_g046","244.3604938271605","0","405",,,"0","0.9988298218137761","true","0","PgR030_g046","223230","0.31611965566256206"
"","","","1.846251588310038","6.255831414790112E-4","0.5416379903647626","0.6432300730943264","170",,"4","false","PgR030_g099","276.1764705882353","0","170",,,"0","0.9980319730504418","true","0","PgR030_g099","29542","0.3737164689962589"
"","","","1.9123252858958069","0.004202226785209411","0.5229235880398672","0.5136612021857924","123",,"4","false","PgR031_g024","240.83739837398375","0","123",,,"0","0.9978783132886144","true","0","PgR031_g024","117482","0.3285528898945197"
"","","","2.062261753494282","0.0019706987816597993","0.4849044978434997","0.6196808510638298","48",,"4","false","PgR031_g028","248.5625","0","48",,,"0","0.9975296238290831","true","0","PgR031_g028","47822","0.3596840328027014"
"","","","1.6340533672172808","0.0015241992566182715","0.6119751166407466","0.6598416760907089","318",,"3","false","PgR031_g050","279.685534591195","0","318",,,"0","0.9985254572855412","true","0","PgR031_g050","82954","0.3694656995920673"
"","","","1.744599745870394","0.002781171765641533","0.57319737800437","0.5774504455355519","235",,"4","false","PgR031_g085","256.6255319148936","0","235",,,"0","0.9982683726840224","true","0","PgR031_g085","104432","0.3399013667746935"
"","","","1.6035578144853875","0.008179832458047157","0.6236133122028527","0.5014655373936812","334",,"4","false","PgR031_g093","243.80838323353294","0","334",,,"0","0.9985963771756153","true","0","PgR031_g093","263972","0.3182877065711918"
"","","","1.721728081321474","0.0011731824486407353","0.5808118081180812","0.625270092226614","276",,"3","false","PgR031_g101","264.5688405797101","0","276",,,"0","0.9983215626015779","true","0","PgR031_g101","66850","0.3624230692872742"
"","","","1.565438373570521","0.002786279798439512","0.6387987012987013","0.5714198742827572","363",,"3","false","PgR033_g019","261.6198347107438","0","363",,,"0","0.998685027038208","true","0","PgR033_g019","131616","0.3415402541915715"
"","","","1.5870393900889455","0.002482678878971773","0.6301040832666133","0.5814807495965484","349",,"3","false","PgR033_g025","264.44412607449857","0","349",,,"0","0.9986347921160722","true","0","PgR033_g025","110320","0.3465846999665774"
"","","","1.7623888182973317","0.0013774558342385446","0.567411679884643","0.6190012085298818","227",,"4","false","PgR034_g059","269.7180616740088","0","227",,,"0","0.9982270027481458","true","0","PgR034_g059","56884","0.3601042211936032"
"","","","2.002541296060991","9.304816179666181E-4","0.4993654822335025","0.48158508158508156","66",,"4","false","PgB01_g084","198.36363636363637","0","66",,,"0","0.9976685086138116","true","0","PgB01_g084","29182","0.2751229353171101"
"","","","1.6213468869123253","0.0012890929555119568","0.6167711598746082","0.6312789051439358","326",,"3","false","PgR034_g077","274.08895705521473","0","326",,,"0","0.9985550072397388","true","0","PgR034_g077","77944","0.36111852049435406"
"","","","1.733163913595934","0.0033116105692758578","0.5769794721407624","0.5222767775959265","235",,"3","false","PgR034_g078","242.72340425531914","0","235",,,"0","0.9982949676428001","true","0","PgR034_g078","105428","0.3185346512536997"
"","","","1.6353240152477764","0.006687091896428853","0.6114996114996115","0.5365443617870802","309",,"3","false","PgB01_g031","251.5631067961165","0","309",,,"0","0.9985225022901215","true","0","PgB01_g031","213018","0.3288406624785837"
"","","","1.5857687420584499","0.002373504762087262","0.6306089743589743","0.5834646295854221","355",,"4","false","PgB01_g121","265.2788732394366","0","355",,,"0","0.998637747111492","true","0","PgB01_g121","121964","0.3495110319360166"
"","","","1.7992376111817028","3.3928227928614005E-4","0.5557909604519774","0.7371157992643639","218",,"4","false","PgB01_g215","290.6651376146789","0","218",,,"0","0.9981413078809728","true","0","PgB01_g215","20418","0.39871760989667887"
"","","","1.7903430749682339","0.0013512685209210405","0.5585521646557843","0.6478498596128269","202",,"4","false","PgB03_g003","277.54455445544556","0","202",,,"0","0.998161992848911","true","0","PgB03_g003","49520","0.36956665040671843"
"","","","2.0508259212198223","4.184003431589872E-4","0.48760842627013623","0.5072568940493469","53",,"4","false","PgR036_g096","217.32075471698113","0","53",,,"0","0.9975562187878608","true","0","PgR036_g096","11754","0.31224246367382347"
"","","","1.6836086404066073","0.002553249507796509","0.5939622641509434","0.66073546856465","282",,"4","false","PgB01_g070","279.07801418439715","0","282",,,"0","0.9984102124641707","true","0","PgB01_g070","107478","0.36963975388661874"
"","","","1.7039390088945363","0.0037351019158421922","0.5868754660700969","0.5487993916527741","262",,"4","false","PgR037_g044","255.0","0","262",,,"0","0.9983629325374547","true","0","PgR037_g044","121612","0.3359683794466403"
"","","","1.9237611181702667","0.0014379822687592978","0.5198150594451784","0.514456630109671","119",,"4","false","PgR039_g042","246.80672268907563","0","119",,,"0","0.9978517183298365","true","0","PgR039_g042","45846","0.33809140094393925"
"","","","1.721728081321474","3.5533902363415586E-4","0.5808118081180812","0.7334386241993507","262",,"4","false","PgR039_g079","292.08015267175574","0","262",,,"0","0.9983215626015779","true","0","PgR039_g079","30062","0.3915283547878763"
"","","","1.7966963151207116","5.339062622882918E-4","0.5565770862800565","0.7350478468899522","209",,"4","false","PgR039_g081","287.82775119617224","0","209",,,"0","0.9981472178718124","true","0","PgR039_g081","29150","0.3889564205353679"
"","","","1.9961880559085134","2.468921106873459E-4","0.5009548058561426","0.6338607594936709","80",,"4","false","PgB04_g050","270.0375","0","80",,,"0","0.9976832835909104","true","0","PgB04_g050","8920","0.37820378151260503"
"","","","1.6607369758576873","8.310863624739956E-4","0.6021423106350421","0.6613499768839575","309",,"4","false","PgR039_g098","278.5987055016181","0","309",,,"0","0.9984634023817264","true","0","PgR039_g098","53954","0.37345670978769185"
"","","","1.9212198221092758","6.908930804907102E-4","0.5205026455026455","0.5079612322602977","108",,"4","false","PgB04_g075","236.71296296296296","0","108",,,"0","0.9978576283206761","true","0","PgB04_g075","23940","0.3190201657182789"
"","","","1.6124523506988564","0.0021219086232694096","0.6201733648542159","0.5951734867397518","333",,"3","false","PgR040_g008","265.5855855855856","0","333",,,"0","0.9985756922076771","true","0","PgR040_g008","97338","0.34991513252382817"
"","","","1.5717916137229988","0.0018391190750486632","0.6362166531932093","0.6001422819604638","364",,"4","false","PgB04_g119","268.5","0","364",,,"0","0.9986702520611093","true","0","PgB04_g119","108566","0.3528252299605782"
"","","","1.8983481575603558","5.459948769453617E-4","0.5267737617135207","0.6723429242513213","131",,"4","false","PgB04_g140","277.3893129770992","0","131",,,"0","0.9979108182382318","true","0","PgB04_g140","19494","0.3758662777467469"
"","","","1.7979669631512072","0.0017070656414083876","0.5561837455830388","0.59318407960199","201",,"4","false","PgR042_g024","256.82089552238807","0","201",,,"0","0.9981442628763925","true","0","PgR042_g024","61428","0.34426393501660596"
"","","","1.8564167725540026","0.0026442624163375145","0.5386721423682409","0.536336702683862","152",,"4","false","PgR042_g026","243.4934210526316","0","152",,,"0","0.9980083330870838","true","0","PgR042_g026","86316","0.3246578947368421"
"","","","1.9161372299872934","8.105200963387596E-4","0.5218832891246684","0.584070796460177","114",,"4","false","PgR042_g041","247.359649122807","0","114",,,"0","0.9978694483023551","true","0","PgR042_g041","31930","0.33381868977436846"
"","","","1.6709021601016518","0.0018246833730143502","0.5984790874524715","0.60992810992811","297",,"4","false","PgB04_g176","270.7037037037037","0","297",,,"0","0.9984397624183682","true","0","PgB04_g176","85694","0.36045766138975194"
"","","","1.687420584498094","0.0016447166446778955","0.5926204819277109","0.6023780237802377","271",,"4","false","PgB04_g184","266.3579335793358","0","271",,,"0","0.9984013474779113","true","0","PgB04_g184","71112","0.349092966683271"
"","","","1.9021601016518423","0.002960517592164728","0.5257181028724115","0.6063467086283766","124",,"4","false","PgR043_g024","251.66129032258064","0","124",,,"0","0.9979019532519725","true","0","PgR043_g024","115492","0.33962387357973095"
"","","","1.6696315120711562","0.001233226598800439","0.5989345509893456","0.6361426978818283","300",,"4","false","PgR043_g045","274.54333333333335","0","300",,,"0","0.9984427174137881","true","0","PgR043_g045","69598","0.3665465064530485"
"","","","1.6861499364675985","0.00338318315173647","0.5930670685757348","0.535732120068801","269",,"3","false","PgB05_g023","253.1449814126394","0","269",,,"0","0.9984043024733312","true","0","PgB05_g023","121814","0.33090847243482274"
"","","","1.7598475222363406","0.0011881616265686352","0.5682310469314079","0.641752365281777","221",,"3","false","PgB05_g029","271.8868778280543","0","221",,,"0","0.9982329127389853","true","0","PgB05_g029","46798","0.36011506997093284"
"","","","2.0978398983481577","2.8624334771014517E-4","0.4766807995154452","0.630877452795261","74",,"4","false","PgR043_g088","205.64864864864865","0","74",,,"0","0.9974468839573298","true","0","PgR043_g088","8806","0.32032499789509133"
"","","","1.7026683608640407","0.0017201311582547396","0.5873134328358208","0.6162451361867705","257",,"3","false","PgB05_g077","266.6653696498054","0","257",,,"0","0.9983658875328744","true","0","PgB05_g077","71100","0.3490384419500071"
"","","","1.6480304955527318","0.0025907524774242867","0.6067848882035467","0.5751685509801888","311",,"4","false","PgR043_g095","261.1993569131833","0","311",,,"0","0.9984929523359238","true","0","PgR043_g095","106776","0.3459594131300441"
"","","","1.8144853875476492","0.003718717355289347","0.5511204481792717","0.4851557282496509","182",,"4","false","PgB05_g079","233.63186813186815","0","182",,,"0","0.9981058479359356","true","0","PgB05_g079","120380","0.3102680851684836"
"","","","1.8932655654383737","1.8094780955670172E-4","0.5281879194630872","0.7367408041060736","168",,"4","false","PgB05_g089","286.5416666666667","0","168",,,"0","0.9979226382199108","true","0","PgB05_g089","13470","0.4052923149457803"
"","","","1.7662007623888183","0.002187663266715442","0.5661870503597123","0.5688328624212128","215",,"3","false","PgR044_g053","248.1767441860465","0","215",,,"0","0.9982181377618865","true","0","PgR044_g053","76876","0.32827611664820966"
"","","","1.97712833545108","7.611263910727316E-4","0.5057840616966581","0.5243697478991597","85",,"4","false","PgB05_g112","244.49411764705883","0","85",,,"0","0.9977276085222068","true","0","PgB05_g112","23560","0.33863451197653577"
"","","","1.6937738246505718","0.002420056810465549","0.5903975993998499","0.6465085638998682","276",,"4","false","PgR044_g084","276.5978260869565","0","276",,,"0","0.9983865725008126","true","0","PgR044_g084","97102","0.36732779028812285"
"","","","1.8221092757306225","0.0017311423142452088","0.5488145048814506","0.5335237318101456","172",,"4","false","PgB05_g125","242.76162790697674","0","172",,,"0","0.9980881179634172","true","0","PgB05_g125","57128","0.32111326442721794"
"","","","1.6289707750952986","0.003159201477653691","0.6138845553822153","0.5906441240535214","311",,"4","false","PgB05_g153","263.09003215434086","0","311",,,"0","0.9985372772672202","true","0","PgB05_g153","133914","0.3421196777039543"
"","","","1.6060991105463787","0.005046063666678203","0.622626582278481","0.5131764872120955","337",,"4","false","PgB05_g154","244.99109792284867","0","337",,,"0","0.9985904671847758","true","0","PgB05_g154","170686","0.3219331115937565"
"","","","2.020330368487929","4.749938209910579E-4","0.49496855345911944","0.5081453634085213","57",,"4","false","PgR045_g070","227.75438596491227","0","57",,,"0","0.9976271386779351","true","0","PgR045_g070","11840","0.3185376027481291"
"","","","1.6264294790343075","0.0010839701694299686","0.61484375","0.6263434579439252","321",,"4","false","PgR046_g068","272.5015576323988","0","321",,,"0","0.9985431872580598","true","0","PgR046_g068","69072","0.3576135926934367"
"","","","1.770012706480305","0.0015304295157576582","0.5649676956209619","0.6266094420600858","233",,"4","false","PgB06_g095","269.86695278969955","0","233",,,"0","0.9982092727756272","true","0","PgB06_g095","81144","0.36616954245549466"
"","","","1.599745870393901","0.0013775728414394603","0.625099285146942","0.6239606693117129","341",,"4","false","PgR046_g070","272.52199413489734","0","341",,,"0","0.9986052421618746","true","0","PgR046_g070","82088","0.35764041225052146"
"","","","2.101651842439644","1.4800177400723527E-4","0.4758162031438936","0.5561877667140825","38",,"4","false","PgB08_g062","241.3684210526316","0","38",,,"0","0.9974380189710705","true","0","PgB08_g062","4342","0.35864549933526235"
"","","","1.724269377382465","0.003201651276270203","0.5799557848194546","0.5639381365522445","242",,"3","false","PgR046_g075","255.80578512396696","0","242",,,"0","0.9983156526107384","true","0","PgR046_g075","113958","0.33570313008394614"
"","","","1.613722998729352","0.0011026560932326","0.6196850393700787","0.63073615538587","329",,"3","false","PgB09_g024","273.67477203647417","0","329",,,"0","0.9985727372122573","true","0","PgB09_g024","74760","0.35915324414235456"
"","","","1.7827191867852605","6.427886458926776E-4","0.5609408410548824","0.6306746031746032","225",,"4","false","PgB09_g031","271.2266666666667","0","225",,,"0","0.9981797228214296","true","0","PgB09_g031","40104","0.3685144927536232"
"","","","1.9936467598475223","0.0010211840688438276","0.5015933715742511","0.42276422764227645","82",,"4","false","PgR046_g077","192.32926829268294","0","82",,,"0","0.9976891935817499","true","0","PgR046_g077","28172","0.2701253768155659"
"","","","1.7903430749682339","0.0021723288514054364","0.5585521646557843","0.5339272764943541","197",,"4","false","PgR046_g081","244.91878172588832","0","197",,,"0","0.998161992848911","true","0","PgR046_g081","72334","0.3235386812759423"
"","","","2.142312579415502","1.8338286317552148E-4","0.46678529062870705","0.49195402298850577","30",,"4","false","PgB09_g032","216.4","0","30",,,"0","0.9973434591176384","true","0","PgB09_g032","4790","0.33389917695473254"
"","","","1.7916137229987295","0.003019996080881867","0.5581560283687943","0.5490842490842491","196",,"4","false","PgB09_g046","244.66836734693877","0","196",,,"0","0.9981590378534914","true","0","PgB09_g046","104212","0.3236354065435698"
"","","","1.6289707750952986","0.0012827391607438132","0.6138845553822153","0.642949967511371","324",,"4","false","PgR047_g024","276.39814814814815","0","324",,,"0","0.9985372772672202","true","0","PgR047_g024","76176","0.365606016068979"
"","","","1.7166454891994918","0.006390703654001563","0.5825314581791265","0.5825674019607843","256",,"4","false","PgB10_g032","264.68359375","0","256",,,"0","0.998333382583257","true","0","PgB10_g032","224146","0.3505691225165563"
"","","","1.864040660736976","0.0011222320822472783","0.5364689843217451","0.6106754841757204","146",,"4","false","PgR047_g043","254.6027397260274","0","146",,,"0","0.9979906031145652","true","0","PgR047_g043","49834","0.3394703196347032"
"","","","1.627700127064803","0.002011142171417442","0.6143637782982045","0.5818713450292398","324",,"4","false","PgR047_g048","261.96604938271605","0","324",,,"0","0.9985402322626399","true","0","PgR047_g048","95290","0.34605818940913613"
"","","","1.7776365946632782","0.003418873463039717","0.5625446747676912","0.5272864321608041","200",,"4","false","PgB10_g069","246.17","0","200",,,"0","0.9981915428031086","true","0","PgB10_g069","110360","0.3226343381389253"
"","","","1.5692503176620076","0.003230231950642298","0.637246963562753","0.5986287323426333","362",,"4","false","PgR047_g059","268.0193370165746","0","362",,,"0","0.9986761620519488","true","0","PgR047_g059","145350","0.35035207453147005"
"","","","1.675984752223634","0.0029192407865214925","0.5966641394996209","0.5923159527502685","290",,"4","false","PgB10_g104","265.6655172413793","0","290",,,"0","0.9984279424366892","true","0","PgB10_g104","109842","0.3528094518477813"
"","","","1.5984752223634053","0.001816955574318894","0.6255961844197139","0.6109706774519716","345",,"4","false","PgR047_g067","269.9623188405797","0","345",,,"0","0.9986081971572944","true","0","PgR047_g067","101974","0.35568157950010504"
"","","","1.8246505717916137","0.003141080301647161","0.5480501392757661","0.5888982812059735","169",,"3","false","PgR048_g048","250.2189349112426","0","169",,,"0","0.9980822079725776","true","0","PgR048_g048","106954","0.33097742713127326"
"","","","1.6429479034307497","0.003196904354055274","0.608662026295437","0.5359690021502629","307",,"4","false","PgR049_g036","251.09446254071662","0","307",,,"0","0.9985047723176029","true","0","PgR049_g036","110324","0.3295202920481845"
"","","","2.0393900889453622","1.9569202184824562E-4","0.49034267912772583","0.6121553884711779","57",,"4","false","PgB13_g019","256.2105263157895","0","57",,,"0","0.9975828137466387","true","0","PgB13_g019","5998","0.36549290487273817"
"","","","1.7662007623888183","7.23945669530267E-4","0.5661870503597123","0.6837025521440601","249",,"4","false","PgB13_g025","274.9357429718876","0","249",,,"0","0.9982181377618865","true","0","PgB13_g025","48462","0.3797455013423861"
"","","","1.4739517153748412","0.008687180542496894","0.678448275862069","0.4932400932400932","430",,"3","false","PgR049_g063","244.8186046511628","0","430",,,"0","0.9988977867084307","true","0","PgR049_g063","275866","0.3175338581727144"
"","","","1.6581956797966964","0.005377715646869046","0.6030651340996168","0.4768003925898663","286",,"3","false","PgB13_g028","237.15034965034965","0","286",,,"0","0.9984693123725659","true","0","PgB13_g028","172686","0.30798746707837615"
"","","","1.6581956797966964","0.003866609365996986","0.6030651340996168","0.6241993548085465","293",,"4","false","PgB13_g040","271.63139931740614","0","293",,,"0","0.9984693123725659","true","0","PgB13_g040","127938","0.3555384807819452"
"","","","1.5895806861499364","0.0034680787344913656","0.6290967226219025","0.5702170404768963","349",,"4","false","PgB13_g046","261.31232091690543","0","349",,,"0","0.9986288821252327","true","0","PgB13_g046","140046","0.34292955500906225"
"","","","1.7890724269377383","4.8518289673392395E-4","0.5589488636363636","0.676335651916531","233",,"4","false","PgR052_g014","270.80257510729615","0","233",,,"0","0.9981649478443307","true","0","PgR052_g014","41200","0.3750728187081664"
"","","","1.6480304955527318","8.33274584358277E-4","0.6067848882035467","0.6650487425247809","313",,"4","false","PgR052_g015","280.8562300319489","0","313",,,"0","0.9984929523359238","true","0","PgR052_g015","59812","0.3729830412110875"
"","","","1.749682337992376","0.0021368647940157295","0.5715323166303559","0.5535456707340844","227",,"4","false","PgR054_g021","255.04405286343612","0","227",,,"0","0.9982565527023433","true","0","PgR054_g021","80856","0.336026420109929"
"","","","1.747141041931385","0.001978417794640061","0.5723636363636363","0.6273169404482536","243",,"4","false","PgR054_g025","272.9053497942387","0","243",,,"0","0.9982624626931828","true","0","PgR054_g025","74608","0.36631590576407874"
"","","","2.1969504447268107","4.417704852500703E-6","0.4551764025448236","0.5714285714285714","15",,"4","false","PgR054_g027","207.66666666666666","0","15",,,"0","0.9972163943145887","true","0","PgR054_g027","228","0.3344068706387547"
"","","","1.8208386277001272","0.003234984603648341","0.5491974877878576","0.5426938880328711","177",,"4","false","PgB19_g022","250.77966101694915","0","177",,,"0","0.9980910729588369","true","0","PgB19_g022","106964","0.3334835917778579"
"","","","1.6797966963151207","0.001109534076390274","0.5953101361573374","0.6794157169163391","284",,"3","false","PgR054_g046","280.9542253521127","0","284",,,"0","0.9984190774504299","true","0","PgR054_g046","60918","0.3721248017908777"
"","","","1.721728081321474","0.0014309871372692236","0.5808118081180812","0.5800112296462662","274",,"4","false","PgB20_g022","253.43065693430657","0","274",,,"0","0.9983215626015779","true","0","PgB20_g022","76912","0.3457444160086038"
"","","","1.6213468869123253","0.0016593424170343997","0.6167711598746082","0.624028543168009","337",,"4","false","PgR054_g048","270.03560830860533","0","337",,,"0","0.9985550072397388","true","0","PgR054_g048","92824","0.36052818198745706"
"","","","1.724269377382465","0.002941118591547525","0.5799557848194546","0.49536652835408024","241",,"3","false","PgB20_g024","240.68464730290455","0","241",,,"0","0.9983156526107384","true","0","PgB20_g024","98326","0.3154451471859824"
"","","","1.7827191867852605","0.0012049056621672963","0.5609408410548824","0.5732571529807777","213",,"4","false","PgR054_g051","261.7230046948357","0","213",,,"0","0.9981797228214296","true","0","PgR054_g051","48464","0.3503654681323101"
"","","","1.6493011435832274","0.0018703316686089107","0.6063174114021571","0.6215150541090754","306",,"4","false","PgB21_g045","270.9934640522876","0","306",,,"0","0.9984899973405041","true","0","PgB21_g045","88484","0.357040137091288"
"","","","2.0660736975857685","3.396795299653634E-4","0.48400984009840103","0.42090656799259946","47",,"4","false","PgB22_g018","168.53191489361703","0","47",,,"0","0.9975207588428239","true","0","PgB22_g018","8750","0.24424915201973482"
"","","","1.6556543837357052","9.82431378064708E-4","0.6039907904834997","0.6371130104463438","325",,"4","false","PgB22_g040","270.78153846153845","0","325",,,"0","0.9984752223634054","true","0","PgB22_g040","73026","0.36790969899665554"
"","","","2.229987293519695","0.002598158163385436","0.44843304843304843","0.47058823529411764","17",,"4","false","PgR055_g015","214.23529411764707","0","17",,,"0","0.9971395644336751","true","0","PgR055_g015","46414","0.36107529014978673"
"","","","1.9326556543837357","0.0013968265371624793","0.517422748191979","0.49316221333894383","98",,"4","false","PgB25_g016","224.57142857142858","0","98",,,"0","0.9978310333618983","true","0","PgB25_g016","50270","0.3022495673908864"
"","","","1.8754764930114358","9.061776901583361E-4","0.5331978319783198","0.5357853674070536","159",,"4","false","PgR057_g055","244.44654088050314","0","159",,,"0","0.9979640081557873","true","0","PgR057_g055","32084","0.33624008374209513"
"","","","1.869123252858958","4.959642316378678E-4","0.5350101971447995","0.6230816451810927","181",,"4","false","PgR057_g056","252.76243093922653","0","181",,,"0","0.9979787831328861","true","0","PgR057_g056","27208","0.3555027158076322"
"","","","1.7458703939008895","0.0011634495929923685","0.5727802037845706","0.5885898663262773","238",,"4","false","PgB32_g009","262.52521008403363","0","238",,,"0","0.9982654176886027","true","0","PgB32_g009","54258","0.35003361344537814"
"","","","2.110546378653113","2.469727655939159E-4","0.4738109572546659","0.5037878787878788","33",,"4","false","PgR058_g013","197.03030303030303","0","33",,,"0","0.9974173340031323","true","0","PgR058_g013","7506","0.29407507914970604"
"","","","1.6086404066073698","0.0011522681696889004","0.6216429699842022","0.622580189345768","337",,"3","false","PgB33_g008","272.8041543026706","0","337",,,"0","0.9985845571939364","true","0","PgB33_g008","78194","0.35989993971328577"
"","","","1.8449809402795425","0.0012384312867987238","0.5420110192837466","0.5472800292077401","166",,"4","false","PgB36X_g002","253.96385542168676","0","166",,,"0","0.9980349280458616","true","0","PgB36X_g002","41996","0.34134926803990157"
"","","","1.6696315120711562","9.431204336568367E-4","0.5989345509893456","0.6586578103527256","296",,"4","false","PgR058_g024","279.2432432432432","0","296",,,"0","0.9984427174137881","true","0","PgR058_g024","58014","0.37133410005750433"
"","","","1.682337992376112","9.472312909937134E-4","0.5944108761329304","0.6786804977158577","282",,"4","false","PgB36X_g004","281.5673758865248","0","282",,,"0","0.9984131674595904","true","0","PgB36X_g004","50424","0.3719516194009575"
"","","","1.6022871664548919","0.0016745094775493313","0.6241078509119746","0.5959048071055665","344",,"4","false","PgB39_g003","266.5668604651163","0","344",,,"0","0.9985993321710351","true","0","PgB39_g003","94296","0.35213587908205585"
"","","","2.2592121982210926","9.816801243658152E-5","0.44263217097862767","0.4065934065934066","14",,"4","false","PgR059_g036","157.42857142857142","0","14",,,"0","0.9970715995390207","true","0","PgR059_g036","1658","0.27426580388252864"
"","","","2.273189326556544","0.0025822737399672662","0.43991056456120736","0.37362637362637363","14",,"4","false","PgR059_g037","159.64285714285714","0","14",,,"0","0.9970390945894034","true","0","PgR059_g037","64548","0.2834306013702106"
"","","","1.522236340533672","0.00909371264697287","0.6569282136894825","0.50048436470725","394",,"4","false","PgR059_g038","245.5989847715736","0","394",,,"0","0.9987854968824799","true","0","PgR059_g038","278802","0.3189597204825631"
"","","","1.4866581956797966","0.007417243779539876","0.6726495726495727","0.4867662029182219","421",,"3","false","PgR060_g019","243.07600950118766","0","421",,,"0","0.998868236754233","true","0","PgR060_g019","252020","0.3156831292223216"
"","","","1.7522236340533672","6.66724386281076E-4","0.5707034082668601","0.656169879045637","258",,"4","false","PgB41X_g004","268.0077519379845","0","258",,,"0","0.9982506427115038","true","0","PgB41X_g004","50150","0.36864890225307356"
"","","","1.991105463786531","6.678418487405224E-4","0.5022335673261008","0.44555444555444557","78",,"4","false","PgR061_g002","216.35897435897436","0","78",,,"0","0.9976951035725894","true","0","PgR061_g002","16860","0.3013356188843654"
"","","","2.133418043202033","6.751482494844607E-5","0.46873138773079215","0.5248933143669986","38",,"4","false","PgR062_g011","233.68421052631578","0","38",,,"0","0.9973641440855767","true","0","PgR062_g011","2108","0.35896192093136065"
"","","","1.6213468869123253","0.0032007868071686207","0.6167711598746082","0.5919985352009521","331",,"4","false","PgR062_g024","264.63746223564954","0","331",,,"0","0.9985550072397388","true","0","PgR062_g024","127464","0.3500495532217587"
"","","","1.7547649301143584","9.343030409885039E-4","0.5698769007965242","0.6578806566979246","267",,"4","false","PgE007_g004","267.62546816479403","0","267",,,"0","0.9982447327206644","true","0","PgE007_g004","55832","0.37430135407663495"
"","","","1.5895806861499364","0.0027522285858871","0.6290967226219025","0.5975905575905576","351",,"3","false","PgR062_g031","267.017094017094","0","351",,,"0","0.9986288821252327","true","0","PgR062_g031","121860","0.3518011778881344"
"","","","1.5667090216010164","0.0015499155767024196","0.6382806163828062","0.5932482269503546","376",,"4","false","PgE008_g002","266.6489361702128","0","376",,,"0","0.9986820720427884","true","0","PgE008_g002","114838","0.35364580393927425"
"","","","1.7712833545108004","7.459355860153741E-4","0.5645624103299857","0.6698918611269209","252",,"4","false","PgE009_g004","266.30555555555554","0","252",,,"0","0.9982063177802075","true","0","PgE009_g004","47210","0.37089910244506347"
"","","","1.8259212198221093","0.002303933078576401","0.5476687543493389","0.4782937736498108","171",,"4","false","PgR062_g032","225.97076023391813","0","171",,,"0","0.9980792529771578","true","0","PgR062_g032","61902","0.29929902017737503"
"","","","1.7166454891994918","0.001957441784681263","0.5825314581791265","0.5986294820717132","251",,"3","false","PgR062_g033","267.0398406374502","0","251",,,"0","0.998333382583257","true","0","PgR062_g033","72532","0.35183114708491464"
"","","","1.6162642947903432","0.0010066833697317777","0.6187106918238994","0.6456727477042473","338",,"4","false","PgE010_g001","275.23668639053255","0","338",,,"0","0.9985668272214178","true","0","PgE010_g001","81712","0.3660062319023039"
"","","","1.5832274459974587","0.0015233491488619952","0.6316211878009631","0.6070090957731408","357",,"3","false","PgE010_g003","268.64145658263305","0","357",,,"0","0.9986436571023315","true","0","PgE010_g003","100634","0.3544082540667982"
"","","","1.8348157560355782","4.214057870963735E-4","0.5450138504155124","0.6837610451105568","218",,"4","false","PgE016_g003","258.6330275229358","0","218",,,"0","0.9980585680092195","true","0","PgE016_g003","30032","0.36737645954962467"
"","","","1.8996188055908514","7.402187599773445E-4","0.5264214046822743","0.7628287205751995","143",,"4","false","PgR066_g019","294.75524475524475","0","143",,,"0","0.9979078632428119","true","0","PgR066_g019","25212","0.40655895828309624"
"","","","2.090216010165184","0.001338498712059322","0.478419452887538","0.3971631205673759","48",,"4","false","PgR066_g022","173.625","0","48",,,"0","0.9974646139298484","true","0","PgR066_g022","35776","0.2587555886736215"
"","","","1.5730622617534942","0.0020488593867998076","0.635702746365105","0.5997335997335997","364",,"4","false","PgE018_g002","267.9010989010989","0","364",,,"0","0.9986672970656896","true","0","PgE018_g002","115680","0.35250144592249855"
"","","","1.6797966963151207","0.0010649337061034356","0.5953101361573374","0.6256413877512592","292",,"4","false","PgE019_g002","270.722602739726","0","292",,,"0","0.9984190774504299","true","0","PgE019_g002","66348","0.36192861328840376"
"","","","1.5514612452350698","0.004176225486139122","0.6445536445536446","0.5515136204791378","378",,"4","false","PgR067_g030","258.36507936507934","0","378",,,"0","0.9987175319878254","true","0","PgR067_g030","169094","0.3386174041482036"
"","","","1.5730622617534942","0.0015696922439595148","0.635702746365105","0.6047553093259465","361",,"4","false","PgE023_g003","269.69529085872574","0","361",,,"0","0.9986672970656896","true","0","PgE023_g003","103648","0.35346696049636406"
"","","","1.7522236340533672","0.003358199784203805","0.5707034082668601","0.5787688589138825","227",,"4","false","PgR069_g010","252.20264317180616","0","227",,,"0","0.9982506427115038","true","0","PgR069_g010","132260","0.3336013798568865"
"","","","2.1207115628970774","5.945411485304951E-5","0.4715398442180947","0.5333333333333333","31",,"4","false","PgR069_g034","222.25806451612902","0","31",,,"0","0.9973936940397742","true","0","PgR069_g034","1666","0.33523086654016443"
"","","","1.5514612452350698","0.0018803743561223126","0.6445536445536446","0.5776082463011314","384",,"4","false","PgE029_g003","263.7265625","0","384",,,"0","0.9987175319878254","true","0","PgE029_g003","119946","0.34792422493403696"
"","","","1.878017789072427","0.0010788150553677424","0.5324763193504736","0.6511881008525304","149",,"4","false","PgR071_g020","275.255033557047","0","149",,,"0","0.9979580981649478","true","0","PgR071_g020","31356","0.3739878173329443"
"","","","1.7395171537484118","9.928711645718357E-4","0.574872169466764","0.6176879782457472","252",,"4","false","PgE030_g003","264.94444444444446","0","252",,,"0","0.9982801926657013","true","0","PgE030_g003","54862","0.3575498575498576"
"","","","1.8818297331639136","9.500380428078666E-4","0.5313977042538826","0.59745887914902","143",,"4","false","PgR071_g041","250.1958041958042","0","143",,,"0","0.9979492331786887","true","0","PgR071_g041","30638","0.3385599515504793"
"","","","2.0101651842439643","2.1608350126031304E-4","0.4974715549936789","0.5366581415174766","69",,"4","false","PgR073_g014","246.33333333333334","0","69",,,"0","0.997650778641293","true","0","PgR073_g014","8314","0.346460384435068"
"","","","1.8017789072426937","9.801540156751428E-4","0.5550070521861777","0.6183755623964007","206",,"3","false","PgR075_g007","268.1019417475728","0","206",,,"0","0.9981353978901333","true","0","PgR075_g007","46954","0.3637746835109536"
"","","","1.7611181702668361","9.073398548589386E-4","0.5678210678210678","0.6243566176470589","256",,"4","false","PgE032_g002","255.0234375","0","256",,,"0","0.9982299577435655","true","0","PgE032_g002","56284","0.3537079576976422"
"","","","1.8792884371029226","6.97747118630059E-4","0.5321162947937795","0.6504927499843073","179",,"4","false","PgE035_g003","258.89385474860336","0","179",,,"0","0.9979551431695282","true","0","PgE035_g003","27690","0.36722532588454376"
"","","","1.7839898348157561","0.002052309851211891","0.5605413105413105","0.543134328358209","201",,"3","false","PgR075_g019","247.49751243781094","0","201",,,"0","0.9981767678260098","true","0","PgR075_g019","68374","0.32737766195477636"
"","","","1.9923761118170267","2.568066708662561E-4","0.5019132653061225","0.5460358056265985","69",,"3","false","PgR075_g027","227.6231884057971","0","69",,,"0","0.9976921485771697","true","0","PgR075_g027","8314","0.31439666906878055"
"","","","1.6353240152477764","0.0011126550143419735","0.6114996114996115","0.6453349843342526","327",,"4","false","PgE040_g002","275.11620795107035","0","327",,,"0","0.9985225022901215","true","0","PgE040_g002","74058","0.36731135908020074"
"","","","1.5552731893265566","0.004515030674828638","0.6429738562091504","0.5408484848484848","375",,"3","false","PgE043_g003","255.064","0","375",,,"0","0.9987086670015661","true","0","PgE043_g003","175402","0.33472965879265093"
"","","","1.5260482846251588","0.0031941884721152216","0.6552872606161532","0.543395985168137","396",,"4","false","PgE045_g002","255.99242424242425","0","396",,,"0","0.9987766318962206","true","0","PgE045_g002","161208","0.3346306199247376"
"","","","1.6264294790343075","0.0037624726377055136","0.61484375","0.5400667273278739","315",,"3","false","PgR075_g044","249.75873015873015","0","315",,,"0","0.9985431872580598","true","0","PgR075_g044","146436","0.32605578349703673"
"","","","1.554002541296061","0.0041227422413171256","0.6434995911692559","0.5532877857534089","373",,"3","false","PgR076_g009","258.171581769437","0","373",,,"0","0.9987116219969858","true","0","PgR076_g009","157246","0.3374791918554732"
"","","","1.9135959339263025","6.219078509120521E-4","0.5225763612217795","0.6215233881163085","113",,"4","false","PgR076_g020","265.6725663716814","0","113",,,"0","0.9978753582931946","true","0","PgR076_g020","21052","0.35708678275763633"
"","","","1.698856416772554","7.223338593960472E-4","0.5886312640239342","0.6837884531084809","279",,"4","false","PgR077_g021","284.921146953405","0","279",,,"0","0.9983747525191335","true","0","PgR077_g021","44828","0.38091062426925804"
"","","","1.6429479034307497","9.672420045060565E-4","0.608662026295437","0.647135742168721","323",,"4","false","PgE050_g001","275.7647058823529","0","323",,,"0","0.9985047723176029","true","0","PgE050_g001","66184","0.36965778268411925"
"","","","1.8297331639135959","8.2335253101806E-4","0.5465277777777778","0.6023182522301159","194",,"4","false","PgR077_g027","265.7474226804124","0","194",,,"0","0.9980703879908986","true","0","PgR077_g027","36324","0.36453693097450257"
"","","","1.7077509529860229","7.410139982655466E-4","0.5855654761904762","0.7214640374521208","266",,"4","false","PgE050_g003","289.33458646616543","0","266",,,"0","0.9983540675511953","true","0","PgE050_g003","44816","0.38424247870672695"
"","","","1.6162642947903432","0.0016862084883297978","0.6187106918238994","0.6107853950194462","322",,"4","false","PgR077_g037","269.10869565217394","0","322",,,"0","0.9985668272214178","true","0","PgR077_g037","89756","0.3504019474637681"
"","","","1.5870393900889455","0.0015976243538385231","0.6301040832666133","0.6044699140401146","350",,"4","false","PgE052_g001","268.5885714285714","0","350",,,"0","0.9986347921160722","true","0","PgE052_g001","102898","0.35201647631529676"
"","","","1.770012706480305","6.422076769175858E-4","0.5649676956209619","0.6470285655498783","242",,"4","false","PgE056_g002","264.8388429752066","0","242",,,"0","0.9982092727756272","true","0","PgE056_g002","47082","0.3632905939303246"
"","","","1.8932655654383737","6.908959579586429E-4","0.5281879194630872","0.6787753697970417","171",,"4","false","PgR078_g001","257.1637426900585","0","171",,,"0","0.9979226382199108","true","0","PgR078_g001","38634","0.3658090223187176"
"","","","1.841168996188056","6.411317629967994E-4","0.5431331953071084","0.6709816612729234","207",,"4","false","PgE056_g003","260.463768115942","0","207",,,"0","0.9980437930321208","true","0","PgE056_g003","39906","0.36788667812986164"
"","","","1.6886912325285897","0.002725086998232914","0.5921745673438675","0.5481329412417466","269",,"3","false","PgR079_g014","253.2193308550186","0","269",,,"0","0.9983983924824916","true","0","pck-3","97838","0.3318733038728946"
"","","","1.5781448538754765","0.0017409962043690864","0.6336553945249597","0.5995383194829178","361",,"4","false","PgE057_g001","268.1191135734072","0","361",,,"0","0.9986554770840105","true","0","PgE057_g001","107460","0.35278830733343053"
"","","","1.8475222363405337","0.0014406922628976743","0.5412654745529574","0.5709494324045408","153",,"4","false","PgR079_g022","244.71241830065358","0","153",,,"0","0.9980290180550221","true","0","PgR079_g022","61914","0.32412240834523653"
"","","","1.5857687420584499","0.0031067042964890257","0.6306089743589743","0.5463833850560993","355",,"4","false","PgE058_g003","253.5323943661972","0","355",,,"0","0.998637747111492","true","0","PgE058_g003","154442","0.33403477518603053"
"","","","1.804320203303685","0.004668158500233885","0.5542253521126761","0.5208671110310454","183",,"3","false","PgR080_g032","238.0983606557377","0","183",,,"0","0.9981294878992938","true","0","PgR080_g032","170174","0.3141139322635062"
"","","","1.9504447268106735","6.818598413387568E-4","0.5127035830618892","0.48318462594371997","94",,"4","false","PgR080_g039","210.53191489361703","0","94",,,"0","0.9977896634260216","true","0","PgR080_g039","19974","0.28721952918638066"
"","","","1.8017789072426937","5.619073432682819E-4","0.5550070521861777","0.6981489099136158","221",,"4","false","PgE064_g002","281.0769230769231","0","221",,,"0","0.9981353978901333","true","0","PgE064_g002","31966","0.38822779430514237"
"","","","1.6340533672172808","0.004239479246066656","0.6119751166407466","0.5825955639452572","326",,"4","false","PgR080_g040","262.63803680981596","0","326",,,"0","0.9985254572855412","true","0","PgR080_g040","145702","0.350647489085652"
"","","","2.0241423125794156","4.3150142730955307E-4","0.49403640929064657","0.6071113723185425","83",,"4","false","PgR081_g001","235.93975903614458","0","83",,,"0","0.9976182736916757","true","0","PgR081_g001","14938","0.342935696273466"
"","","","1.7179161372299874","0.001069755050325361","0.5821005917159763","0.6332606570934516","283",,"4","false","PgE066_g002","264.3286219081272","0","283",,,"0","0.9983304275878373","true","0","PgE066_g002","71184","0.3625907022059358"
"","","","1.6175349428208385","0.0014841043330665318","0.6182246661429694","0.6160304410814962","339",,"4","false","PgE067_g002","266.22418879056045","0","339",,,"0","0.9985638722259981","true","0","PgE067_g002","99910","0.35496558505408066"
"","","","1.7890724269377383","0.002038074240668939","0.5589488636363636","0.5022320198401764","191",,"3","false","PgR081_g012","234.06806282722513","0","191",,,"0","0.9981649478443307","true","0","PgR081_g012","71382","0.3071759354687994"
"","","","1.6022871664548919","0.002017245481985145","0.6241078509119746","0.595263972598228","349",,"4","false","PgE068_g004","265.92836676217763","0","349",,,"0","0.9985993321710351","true","0","PgE068_g004","106772","0.35269014159440004"
"","","","1.8487928843710293","0.0021346643540287188","0.540893470790378","0.548966087675765","156",,"3","false","PgR081_g025","249.14102564102564","0","156",,,"0","0.9980260630596022","true","0","PgR081_g025","64362","0.33218803418803416"
"","","","1.590851334180432","0.004877133738565233","0.6285942492012779","0.5190787330006346","342",,"4","false","PgR081_g027","249.61111111111111","0","342",,,"0","0.9986259271298129","true","0","PgR081_g027","177672","0.3250144675925926"
"","","","1.8894536213468869","6.518981099019154E-4","0.5292535305985205","0.6735928668099673","159",,"4","false","PgR082_g032","275.67295597484275","0","159",,,"0","0.9979315032061701","true","0","PgR082_g032","24444","0.3839456211348785"
"","","","1.7560355781448538","0.00487548437621111","0.5694645441389291","0.5133923303834809","226",,"4","false","PgR087_g005","243.81415929203538","0","226",,,"0","0.9982417777252445","true","0","PgR087_g005","152920","0.32336095396821674"
"","","","1.7522236340533672","3.841855192018521E-4","0.5707034082668601","0.7142641691551292","258",,"4","false","PgE080_g001","283.73643410852713","0","258",,,"0","0.9982506427115038","true","0","PgE080_g001","31600","0.3908215345847481"
"","","","1.772554002541296","4.5573803280502895E-4","0.5641577060931899","0.6999932537273157","244",,"4","false","PgE081_g001","276.6885245901639","0","244",,,"0","0.9982033627847876","true","0","PgE081_g001","36074","0.38216647042840324"
"","","","1.8030495552731893","0.0028672567142874355","0.55461592670895","0.53263311274361","182",,"4","false","PgR088_g027","237.15384615384616","0","182",,,"0","0.9981324428947136","true","0","PgR088_g027","110054","0.31163448903264934"
"","","","1.639135959339263","0.0012111863410442533","0.610077519379845","0.6279056678111105","327",,"4","false","PgE081_g002","268.71865443425077","0","327",,,"0","0.9985136373038621","true","0","PgE081_g002","91258","0.36069618044865875"
"","","","1.827191867852605","5.408342133040911E-4","0.547287899860918","0.7193955110435483","212",,"4","false","PgE081_g003","282.08962264150944","0","212",,,"0","0.9980762979817381","true","0","PgE081_g003","32312","0.39453094075735584"
"","","","1.659466327827192","0.004433249756496629","0.6026033690658499","0.5200348432055749","288",,"3","false","PgR089_g007","246.27777777777777","0","288",,,"0","0.9984663573771461","true","0","PgR089_g007","145436","0.3210922787193974"
"","","","1.9072426937738247","2.6126098814133176E-4","0.5243171219187208","0.7250345283132168","183",,"4","false","PgE081_g004","265.0","0","183",,,"0","0.9978901332702934","true","0","PgE081_g004","16676","0.3891336270190896"
"","","","1.7318932655654384","0.0032218312976810925","0.5774027879677183","0.5131588357290996","237",,"3","false","PgR089_g015","248.26160337552741","0","237",,,"0","0.9982979226382199","true","0","PgR089_g015","107820","0.3262307534501017"
"","","","1.8233799237611181","3.7980477786004767E-4","0.5484320557491289","0.6879804612427931","224",,"4","false","PgE082_g001","268.70982142857144","0","224",,,"0","0.9980851629679973","true","0","PgE082_g001","27482","0.38060881222177256"
"","","","1.6480304955527318","7.73469120736212E-4","0.6067848882035467","0.6776622372357095","314",,"4","false","PgE084_g001","282.09554140127386","0","314",,,"0","0.9984929523359238","true","0","PgE084_g001","56848","0.3751270497357366"
"","","","2.0292249047013975","2.8884461846213466E-4","0.4927989981214778","0.4739918176504968","59",,"4","false","PgR089_g049","200.38983050847457","0","59",,,"0","0.9976064537099968","true","0","PgR089_g049","7532","0.283436818258097"
"","","","1.5806861499364675","0.0017446685760783049","0.6326366559485531","0.6098974088122789","354",,"4","false","PgE086_g002","270.3276836158192","0","354",,,"0","0.998649567093171","true","0","PgE086_g002","99076","0.3538320466175644"
"","","","2.04574332909784","0.0011111064534226624","0.4888198757763975","0.3984313725490196","51",,"4","false","PgR090_g030","207.33333333333334","0","51",,,"0","0.9975680387695399","true","0","PgR090_g030","31094","0.2961624649859944"
"","","","1.627700127064803","0.0011157849168944949","0.6143637782982045","0.6353351719479935","327",,"4","false","PgR091_g022","274.62079510703364","0","327",,,"0","0.9985402322626399","true","0","PgR091_g022","71920","0.36421856114991197"
"","","","1.6162642947903432","0.0011720559838205406","0.6187106918238994","0.6444200311269798","331",,"4","false","PgE094_g001","276.5256797583082","0","331",,,"0","0.9985668272214178","true","0","PgE094_g001","79992","0.36432895883835065"
"","","","1.8983481575603558","0.0019712654298226656","0.5267737617135207","0.595894975343196","123",,"4","false","PgR092_g006","247.260162601626","0","123",,,"0","0.9979108182382318","true","0","PgR092_g006","76288","0.33189283570688055"
"","","","1.7687420584498095","0.002421185947578077","0.5653735632183908","0.549052540913006","216",,"4","false","PgR092_g025","254.1851851851852","0","216",,,"0","0.998212227771047","true","0","PgR092_g025","91910","0.3371156302190785"
"","","","1.758576874205845","0.0014137719397931366","0.5686416184971098","0.666295025728988","265",,"4","false","PgE103_g003","268.86037735849055","0","265",,,"0","0.998235867734405","true","0","PgE103_g003","73436","0.3760284998020847"
"","","","1.604828462515883","0.0016009947367282384","0.6231195566112431","0.6063026626221772","345",,"4","false","PgE107_g001","269.2144927536232","0","345",,,"0","0.9985934221801955","true","0","PgE107_g001","103176","0.35704839887748435"
"","","","1.6886912325285897","7.954162635640741E-4","0.5921745673438675","0.6734689234689235","297",,"4","false","PgE109_g003","276.973063973064","0","297",,,"0","0.9983983924824916","true","0","PgE109_g003","58472","0.3763220977894891"
"","","","1.6607369758576873","7.234600053865858E-4","0.6021423106350421","0.6731174554512359","307",,"4","false","PgE112_g001","281.84364820846906","0","307",,,"0","0.9984634023817264","true","0","PgE112_g001","55680","0.37679632113431694"
"","","","1.721728081321474","0.001232222597813993","0.5808118081180812","0.6269202816830814","283",,"4","false","PgE114_g001","261.9893992932862","0","283",,,"0","0.9983215626015779","true","0","PgE114_g001","67726","0.36086694117532536"
"","","","1.6556543837357052","0.0015934787945448053","0.6039907904834997","0.5998892580287929","301",,"4","false","PgR099_g011","267.19269102990035","0","301",,,"0","0.9984752223634054","true","0","PgR099_g011","79480","0.3524969538653039"
"","","","1.7115628970775096","0.0015388976031587961","0.5842613214550854","0.6429102344196684","265",,"4","false","PgR099_g024","277.0037735849057","0","265",,,"0","0.9983452025649361","true","0","PgR099_g024","70126","0.3688465693540688"
"","","","1.6010165184243965","0.0013403134164633762","0.6246031746031746","0.6195023875345564","346",,"3","false","PgR099_g027","271.23988439306356","0","346",,,"0","0.9986022871664549","true","0","PgR099_g027","91004","0.3592581250239253"
"","","","1.6340533672172808","0.0010473025465573822","0.6119751166407466","0.6498490234300348","324",,"4","false","PgE120_g002","276.49691358024694","0","324",,,"0","0.9985254572855412","true","0","PgE120_g002","78040","0.3676820659311794"
"","","","1.8055908513341805","8.441774063294463E-4","0.553835327234342","0.6295763060468943","221",,"4","false","PgE120_g003","261.1990950226244","0","221",,,"0","0.9981265329038741","true","0","PgE120_g003","40440","0.3617715997543275"
"","","","1.6175349428208385","0.0013044443788703956","0.6182246661429694","0.6301575526352975","337",,"4","false","PgE122_g003","273.1186943620178","0","337",,,"0","0.9985638722259981","true","0","PgE122_g003","82480","0.36270742943163053"
"","","","1.7522236340533672","0.004381539677747359","0.5707034082668601","0.52231609489674","217",,"3","false","PgR101_g020","239.69585253456222","0","217",,,"0","0.9982506427115038","true","0","PgR101_g020","133000","0.31332791180988523"
"","","","1.6340533672172808","0.0017378699510906708","0.6119751166407466","0.6206170465989197","331",,"4","false","PgE125_g001","268.81268882175226","0","331",,,"0","0.9985254572855412","true","0","PgE125_g001","93872","0.36082240110302316"
"","","","1.6531130876747142","0.002391028174167945","0.6049192928516526","0.6017597809252317","299",,"4","false","PgR102_g005","268.17391304347825","0","299",,,"0","0.9984811323542447","true","0","PgR102_g005","104066","0.35193426908592945"
"","","","1.95425667090216","0.004335817731336607","0.511703511053316","0.37292975442604226","103",,"4","false","PgE127_g001","203.24271844660194","0","103",,,"0","0.9977807984397624","true","0","PgE127_g001","95638","0.2814861630314929"
"","","","1.5692503176620076","0.00327619630437427","0.637246963562753","0.5505075871725796","363",,"3","false","PgR102_g007","257.8374655647383","0","363",,,"0","0.9986761620519488","true","0","PgR102_g007","138720","0.3379259050651878"
"","","","1.6861499364675985","0.0012723130922662382","0.5930670685757348","0.645685618729097","300",,"4","false","PgE129_g002","271.80333333333334","0","300",,,"0","0.9984043024733312","true","0","PgE129_g002","75246","0.3692980072463768"
"","","","2.0355781448538757","3.3079550011327197E-4","0.4912609238451935","0.6768809849521203","86",,"4","false","PgE132_g002","265.56976744186045","0","86",,,"0","0.9975916787328979","true","0","PgE132_g002","13552","0.39227439799388547"
"","","","2.1715374841168997","3.4837499426550346E-4","0.4605032182562902","0.6025715955581531","59",,"4","false","PgR105_g032","204.20338983050848","0","59",,,"0","0.9972754942229839","true","0","PgR105_g032","9714","0.3392082887549975"
"","","","1.675984752223634","0.0011929839537261626","0.5966641394996209","0.6353171353171353","297",,"4","false","PgE148_g001","273.95959595959596","0","297",,,"0","0.9984279424366892","true","0","PgE148_g001","64608","0.3662561443310106"
"","","","1.7293519695044473","8.674059805109004E-4","0.5782512858192506","0.6631406314063141","271",,"4","false","PgE149_g002","270.0959409594096","0","271",,,"0","0.9983038326290595","true","0","PgE149_g002","52740","0.3694882913261417"
"","","","1.7293519695044473","4.5920774158796356E-4","0.5782512858192506","0.7149834107498341","275",,"4","false","PgE153_g003","283.87636363636364","0","275",,,"0","0.9983038326290595","true","0","PgE153_g003","40168","0.3910142749812171"
"","","","1.8958068614993646","9.132682680471991E-4","0.5274798927613941","0.5043604651162791","129",,"4","false","PgR116_g010","227.87596899224806","0","129",,,"0","0.9979167282290713","true","0","PgR116_g010","25128","0.307110470339957"
"","","","1.599745870393901","0.00362601015554851","0.625099285146942","0.5759485891875757","338",,"4","false","PgR116_g019","262.3905325443787","0","338",,,"0","0.9986052421618746","true","0","PgR116_g019","139748","0.3429941601887303"
"","","","1.5933926302414232","0.003399334476497405","0.6275917065390749","0.5918537841201643","343",,"3","false","PgR118_g021","266.93294460641397","0","343",,,"0","0.9986200171389735","true","0","PgR118_g021","132658","0.34938867095080367"
"","","","1.7179161372299874","0.001082902266866759","0.5821005917159763","0.6334545267012197","279",,"4","false","PgE167_g001","264.2616487455197","0","279",,,"0","0.9983304275878373","true","0","PgE167_g001","69678","0.36150704342752354"
"","","","1.5781448538754765","0.0040230718953027066","0.6336553945249597","0.5423627298627298","352",,"4","false","PgR121_g002","256.0738636363636","0","352",,,"0","0.9986554770840105","true","0","PgR121_g002","154410","0.3334295099431818"
"","","","1.951715374841169","9.90366613528967E-4","0.5123697916666666","0.5019987376393856","98",,"4","false","PgR121_g005","237.3265306122449","0","98",,,"0","0.9977867084306019","true","0","PgR121_g005","29580","0.32553679908177263"
"","","","1.8081321473951715","0.003749013252603464","0.5530569219957836","0.4709489405622002","182",,"4","false","PgR122_g004","222.04945054945054","0","182",,,"0","0.9981206229130345","true","0","PgR122_g004","111974","0.29332820416043665"
"","","","1.6124523506988564","0.001517161344441231","0.6201733648542159","0.6234604105571847","341",,"4","false","PgE190_g003","271.20527859237535","0","341",,,"0","0.9985756922076771","true","0","PgE190_g003","96406","0.3606453172770949"
"","","","1.590851334180432","0.004451809344666764","0.6285942492012779","0.5681008806008806","352",,"4","false","PgE193_g001","258.3494318181818","0","352",,,"0","0.9986259271298129","true","0","PgE193_g001","171428","0.3408303849844087"
"","","","1.8754764930114358","4.910841153464657E-4","0.5331978319783198","0.6987340419849367","194",,"4","false","PgE207_g001","263.61340206185565","0","194",,,"0","0.9979640081557873","true","0","PgE207_g001","27730","0.37929985908180675"
"","","","1.5260482846251588","0.008800037578200104","0.6552872606161532","0.4545909959791708","390",,"3","false","PgR125_g015","235.3051282051282","0","390",,,"0","0.9987766318962206","true","0","PgR125_g015","253560","0.30559107559107557"
"","","","1.7141041931385006","6.05727392546907E-4","0.5833951074870274","0.6854371851740471","283",,"4","false","PgE216_g001","276.8480565371025","0","283",,,"0","0.9983392925740965","true","0","PgE216_g001","52206","0.37820772750970283"
"","","","1.7712833545108004","0.002747249138051397","0.5645624103299857","0.611198012513802","209",,"3","false","PgR125_g017","263.8421052631579","0","209",,,"0","0.9982063177802075","true","0","PgR125_g017","105348","0.3480766560199972"
"","","","1.6861499364675985","0.0010328516320584906","0.5930670685757348","0.6274163994502977","296",,"4","false","PgE227_g001","266.9121621621622","0","296",,,"0","0.9984043024733312","true","0","PgE227_g001","70478","0.36069211102994886"
"","","","1.9072426937738247","0.0015488353338726601","0.5243171219187208","0.5623249299719888","120",,"4","false","PgR125_g019","237.71666666666667","0","120",,,"0","0.9978901332702934","true","0","PgR125_g019","49080","0.3203728661275831"
"","","","1.6315120711562896","0.0017874749366525785","0.6129283489096573","0.5995741408883895","319",,"4","false","PgR128_g008","267.4294670846395","0","319",,,"0","0.9985313672763807","true","0","PgR128_g008","92132","0.3518808777429467"
"","","","1.735705209656925","8.421575665477737E-4","0.5761346998535871","0.659727385377943","270",,"4","false","PgE236_g002","272.26666666666665","0","270",,,"0","0.9982890576519606","true","0","PgE236_g002","52010","0.37450710683172855"
"","","","1.7191867852604827","0.001585718620881571","0.581670362158167","0.6452700922266139","276",,"4","false","PgE242_g001","269.963768115942","0","276",,,"0","0.9983274725924175","true","0","PgE242_g001","76704","0.3677980492042807"
"","","","1.6289707750952986","0.0016349652118457906","0.6138845553822153","0.6320655516536714","318",,"3","false","PgR129_g011","273.1698113207547","0","318",,,"0","0.9985372772672202","true","0","PgR129_g011","85402","0.35896164431111"
"","","","1.6569250317662008","0.0012542654011685494","0.6035276073619632","0.6433189655172413","320",,"4","false","PgE263_g001","271.8","0","320",,,"0","0.9984722673679856","true","0","PgE263_g001","82136","0.36779431664411366"
"","","","1.636594663278272","0.0037869672149276577","0.6110248447204969","0.557684528751783","307",,"4","false","PgR129_g012","258.6612377850163","0","307",,,"0","0.9985195472947016","true","0","PgR129_g012","142094","0.3372375981551712"
"","","","1.7001270648030495","9.352626662672296E-4","0.5881913303437967","0.6497038769720799","284",,"4","false","PgE264_g001","271.4401408450704","0","284",,,"0","0.9983717975237139","true","0","PgE264_g001","59248","0.36631597954800327"
"","","","1.795425667090216","7.23230842624807E-4","0.556970983722576","0.6440431714404317","220",,"4","false","PgE270_g001","263.29545454545456","0","220",,,"0","0.9981501728672321","true","0","PgE270_g001","48836","0.36067870485678705"
"","","","1.6581956797966964","0.0013751372795673775","0.6030651340996168","0.6259553801203537","322",,"4","false","PgE282_g001","265.58385093167703","0","322",,,"0","0.9984693123725659","true","0","PgE282_g001","87906","0.3608476235484742"
"","","","1.744599745870394","8.358341988062615E-4","0.57319737800437","0.6552886277220878","264",,"4","false","PgE293_g001","266.9166666666667","0","264",,,"0","0.9982683726840224","true","0","PgE293_g001","59376","0.36765381083562904"
"","","","1.8106734434561627","0.001454346446876531","0.5522807017543859","0.5752056404230317","185",,"4","false","PgR136_g004","254.56756756756758","0","185",,,"0","0.998114712922195","true","0","PgR136_g004","54450","0.3380711388679516"
"","","","1.7255400254129607","0.001112574517052486","0.5795287187039764","0.638322387371817","264",,"4","false","PgE304_g001","269.8484848484849","0","264",,,"0","0.9983126976153187","true","0","PgE304_g001","57158","0.36416799574694314"
"","","","2.1092757306226178","2.4602322532459947E-5","0.47409638554216865","0.6184873949579832","35",,"4","false","PgR139_g009","230.6","0","35",,,"0","0.997420288998552","true","0","PgR139_g009","1040","0.3446935724962631"
"","","","1.712833545108005","6.757998551698806E-4","0.5838278931750742","0.6550185873605948","270",,"4","false","PgE355_g001","275.22592592592594","0","270",,,"0","0.9983422475695162","true","0","PgE355_g001","52914","0.3699273197929112"
"","","","1.7382465057179162","0.0033166895507925035","0.5752923976608187","0.5922167666848518","235",,"4","false","PgR141_g005","264.69787234042553","0","235",,,"0","0.998283147661121","true","0","PgR141_g005","112884","0.3487455498556331"
"","","","1.7573062261753494","5.410027059779798E-4","0.5690527838033261","0.6710963455149501","259",,"4","false","PgE371_g001","272.5945945945946","0","259",,,"0","0.9982388227298248","true","0","PgE371_g001","42764","0.37755484015871826"
"","","","1.8958068614993646","3.1196296523905453E-4","0.5274798927613941","0.696378146101903","181",,"4","false","PgE397_g001","249.60773480662982","0","181",,,"0","0.9979167282290713","true","0","PgE397_g001","21642","0.36018432151028834"
"","","","1.6556543837357052","0.0013325326826397084","0.6039907904834997","0.6407894736842106","305",,"4","false","PgR145_g009","274.31475409836065","0","305",,,"0","0.9984752223634054","true","0","PgR145_g009","66596","0.363330800130279"
"","","","1.5946632782719188","0.0017656108739083267","0.6270916334661354","0.6016264202192851","348",,"4","false","PgR151_g006","267.76149425287355","0","348",,,"0","0.9986170621435536","true","0","PgR151_g006","97770","0.35278194236215227"
"","","","2.1969504447268107","1.1858141660059658E-5","0.4551764025448236","0.7205882352941176","17",,"4","false","PgR151_g011","237.1764705882353","0","17",,,"0","0.9972163943145887","true","0","PgR151_g011","552","0.38316069561912003"
"","","","1.6797966963151207","9.415864866281179E-4","0.5953101361573374","0.6532447397563677","301",,"4","false","PgE412_g001","272.1860465116279","0","301",,,"0","0.9984190774504299","true","0","PgE412_g001","74018","0.36781898177247013"
"","","","1.5705209656925032","0.00385621065890653","0.6367313915857605","0.5632040627885503","361",,"3","false","PgR157_g002","259.48476454293626","0","361",,,"0","0.9986732070565291","true","0","PgR157_g002","159912","0.33963974416614695"
"","","","1.565438373570521","0.0016524991619544058","0.6387987012987013","0.6087013843111404","370",,"4","false","PgR166_g003","270.1108108108108","0","370",,,"0","0.998685027038208","true","0","PgR166_g003","106214","0.35540896159317215"
"","","","1.5298602287166454","0.007455310907722182","0.6536544850498339","0.48671536796536796","385",,"3","false","PgR169_g001","243.0","0","385",,,"0","0.9987677669099613","false","0","PgR169_g001","243800","0.31476683937823835"
"","","","1.6442185514612453","0.0022255767305277316","0.6081916537867078","0.5811587793011942","323",,"4","false","PgE636_g001","256.55417956656345","0","323",,,"0","0.9985018173221832","true","0","PgE636_g001","116032","0.3439064069256883"
"","","","1.841168996188056","0.003731041195141209","0.5431331953071084","0.5169254658385093","161",,"4","false","PgR181_g004","226.7826086956522","0","161",,,"0","0.9980437930321208","true","0","PgR181_g004","126594","0.301572617946346"
"","","","1.9339263024142312","7.593575884767841E-4","0.5170827858081471","0.5507326007326008","105",,"4","false","PgR197_g004","231.71428571428572","0","105",,,"0","0.9978280783664785","true","0","PgR197_g004","24298","0.31482919254658387"
"","","","1.6264294790343075","0.0026180580684128122","0.61484375","0.5921325051759835","322",,"4","false","PgR001X_g285","266.12111801242236","0","322",,,"0","0.9985431872580598","true","0","PgR001X_g285","118292","0.3501593658058189"
"","","","1.5603557814485387","0.00515080905618709","0.6408794788273616","0.5504300695180865","369",,"4","false","PgR205_g002","257.2439024390244","0","369",,,"0","0.9986968470198871","true","0","PgR205_g002","185468","0.3362665391359796"
"","","","1.5235069885641677","0.0034090770307933747","0.6563803169307757","0.5507499906949045","402",,"4","false","PgR002_g001","258.2139303482587","0","402",,,"0","0.9987825418870601","true","0","PgR002_g001","161974","0.33886342565388283"
"","","","1.6111817026683608","0.0014602541286155412","0.6206624605678234","0.6281264747522416","326",,"3","false","PgR002_g025","272.5153374233129","0","326",,,"0","0.9985786472030967","true","0","PgR002_g025","80026","0.35530030954799596"
"","","","1.5946632782719188","0.0028269750675996397","0.6270916334661354","0.5722713864306784","340",,"4","false","PgR002_g047","259.4235294117647","0","340",,,"0","0.9986170621435536","true","0","PgR002_g047","121656","0.3382314594677506"
"","","","1.710292249047014","6.212575138105343E-4","0.5846953937592867","0.6932448573324486","275",,"4","false","PgR002_g067","283.43636363636364","0","275",,,"0","0.9983481575603558","true","0","PgR002_g067","40654","0.38198970840480273"
"","","","1.9923761118170267","4.643174460108166E-4","0.5019132653061225","0.7000472366556448","146",,"4","false","PgR228_g001","235.41780821917808","0","146",,,"0","0.9976921485771697","true","0","PgR228_g001","24228","0.35996606761342215"
"","","","1.710292249047014","0.004656739934624636","0.5846953937592867","0.4874098943418584","247",,"4","false","PgR233X_g002","240.13765182186233","0","247",,,"0","0.9983481575603558","true","0","PgR233X_g002","158382","0.3122726291571682"
"","","","1.6975857687420584","0.002056112804760739","0.5890718562874252","0.6293532338308457","268",,"4","false","PgR002_g096","269.6305970149254","0","268",,,"0","0.9983777075145533","true","0","PgR002_g096","82762","0.35524452834641024"
"","","","1.4764930114358323","0.010555202181543596","0.6772805507745266","0.4522252940857592","430",,"3","false","PgR253_g003","234.79302325581395","0","430",,,"0","0.9988918767175912","true","0","PgR253_g003","297522","0.3053225269906553"
"","","","1.5870393900889455","0.002727782498576779","0.6301040832666133","0.5858116786878766","349",,"3","false","PgR002_g129","265.0401146131805","0","349",,,"0","0.9986347921160722","true","0","PgR002_g129","119360","0.3473658120749417"
"","","","1.6480304955527318","0.001011923339056386","0.6067848882035467","0.6695456646912957","309",,"4","false","PgR002_g130","280.7119741100324","0","309",,,"0","0.9984929523359238","true","0","PgR002_g130","63574","0.3713121350661804"
"","","","1.8055908513341805","4.3608657265904537E-4","0.553835327234342","0.7019363762102351","241",,"4","false","PgR002_g132","274.78008298755185","0","241",,,"0","0.9981265329038741","true","0","PgR002_g132","33052","0.3914246196403873"
"","","","1.662007623888183","0.005475221487135667","0.6016819571865444","0.5377639899773297","290",,"4","false","PgR345_g001","249.38275862068966","0","290",,,"0","0.9984604473863065","true","0","PgR345_g001","166050","0.32599053414469237"
"","","","1.8106734434561627","0.002288937561584156","0.5522807017543859","0.5675356921166977","180",,"4","false","PgR002_g162","255.46666666666667","0","180",,,"0","0.998114712922195","true","0","PgR002_g162","91420","0.33747247908410394"
"","","","1.8157560355781448","8.920262917747826E-4","0.5507347795661302","0.5996952961340697","178",,"4","false","PgR002_g164","265.02247191011236","0","178",,,"0","0.9981028929405159","true","0","PgR002_g164","34498","0.35102314160279785"
"","","","1.710292249047014","0.003230896965943773","0.5846953937592867","0.5220388288117371","252",,"4","false","PgR002_g167","245.30555555555554","0","252",,,"0","0.9983481575603558","true","0","PgR002_g167","104450","0.3210805700988947"
"","","","1.7369758576874206","7.364901154947744E-4","0.5757132406730066","0.6877232400046088","264",,"4","false","PgR363_g002","276.85227272727275","0","264",,,"0","0.9982861026565409","true","0","R08C7.8","45510","0.3776975071313407"
"","","","1.7013977128335451","5.303331219572613E-4","0.5877520537714712","0.6894763599389934","281",,"4","false","PgR002_g181","283.1886120996441","0","281",,,"0","0.998368842528294","true","0","PgR002_g181","39706","0.3811421427989827"
"","","","1.7712833545108004","5.287249674750345E-4","0.5645624103299857","0.7599012720713879","230",,"4","false","PgR002_g182","294.44347826086954","0","230",,,"0","0.9982063177802075","true","0","PgR002_g182","31178","0.3978965922444183"
"","","","1.8653113087674713","0.0036969310628613143","0.5361035422343324","0.4988209686196263","149",,"4","false","PgR002_g204","239.8791946308725","0","149",,,"0","0.9979876481191454","true","0","F13A7.7","123182","0.32155388020224196"
"","","","1.744599745870394","5.640856186359529E-4","0.57319737800437","0.7308671803578425","248",,"4","false","PgR002_g264","290.6733870967742","0","248",,,"0","0.9982683726840224","true","0","PgR002_g264","32492","0.3912158641948509"
"","","","1.8106734434561627","4.366890113253199E-4","0.5522807017543859","0.7825196312734721","203",,"4","false","PgR002_g265","296.66995073891627","0","203",,,"0","0.998114712922195","true","0","PgR002_g265","25106","0.4036325860393418"
"","","","1.6124523506988564","0.004277580063331058","0.6201733648542159","0.5708540292089851","329",,"3","false","PgR002_g269","260.1580547112462","0","329",,,"0","0.9985756922076771","true","0","PgR002_g269","163596","0.3409673063056962"
"","","","1.744599745870394","7.718648092123785E-4","0.57319737800437","0.6956085753803596","241",,"4","false","PgR002_g271","281.48547717842325","0","241",,,"0","0.9982683726840224","true","0","PgR002_g271","36170","0.3758150563129816"
"","","","1.5794155019059721","0.002793622187529837","0.6331456154465004","0.5968747049381551","357",,"4","false","PgR003_g027","267.3977591036415","0","357",,,"0","0.9986525220885907","true","0","PgR003_g027","128102","0.3509156943617342"
"","","","1.576874205844981","0.0043046675734277045","0.6341659951651893","0.5389173789173789","351",,"3","false","PgR003_g154","252.44444444444446","0","351",,,"0","0.9986584320794303","true","0","PgR003_g154","170410","0.3282762606559746"
"","","","2.081321473951715","2.7490540583802766E-4","0.48046398046398053","0.5319396051103368","42",,"4","false","PgR003_g175","237.14285714285714","0","42",,,"0","0.9974852988977867","true","0","PgR003_g175","8322","0.3467000835421888"
"","","","1.772554002541296","0.0022629954484017375","0.5641577060931899","0.5468691936083241","208",,"4","false","PgR003_g202","243.14903846153845","0","208",,,"0","0.9982033627847876","true","0","PgR003_g202","95958","0.3203544643762035"
"","","","2.0495552731893265","4.7027978470816595E-4","0.4879107253564786","0.5656565656565656","55",,"4","false","PgR003_g230","218.23636363636365","0","55",,,"0","0.9975591737832807","true","0","PgR003_g230","15948","0.3140091563113146"
"","","","2.03430749682338","1.9324408881496636E-4","0.4915677701436602","0.5914368650217707","53",,"4","false","PgR003_g266","248.33962264150944","0","53",,,"0","0.9975946337283177","true","0","PgR003_g266","6688","0.35026745083428695"
"","","","1.6060991105463787","0.0022716593931622","0.622626582278481","0.6313939522396496","337",,"4","false","PgR004_g017","274.1572700296736","0","337",,,"0","0.9985904671847758","true","0","PgR004_g017","105554","0.35978644360849554"
"","","","1.5628970775095299","0.004254464332439905","0.6398373983739837","0.5499596669862867","363",,"4","false","PgR004_g081","256.44903581267215","0","363",,,"0","0.9986909370290475","true","0","PgR004_g081","178914","0.333483791693982"
"","","","1.581956797966963","0.0033008121145874083","0.6321285140562249","0.5602965958881024","345",,"3","false","PgR004_g133","257.2550724637681","0","345",,,"0","0.9986466120977513","true","0","PgR004_g133","138016","0.3336641666196733"
"","","","1.7852604828462515","0.0016827037778945552","0.5601423487544485","0.5878562894691927","217",,"4","false","PgR004_g192","257.9815668202765","0","217",,,"0","0.9981738128305901","true","0","PgR004_g192","72862","0.3486237389463196"
"","","","1.6747141041931386","0.0023095575674069134","0.5971168437025797","0.5644393241167435","280",,"4","false","PgR004_g209","256.0","0","280",,,"0","0.998430897432109","true","0","PgR004_g209","96642","0.33507853403141363"
"","","","1.8856416772554003","9.326739907967904E-4","0.5303234501347709","0.546690518783542","130",,"4","false","PgR004_g211","247.83846153846153","0","130",,,"0","0.9979403681924293","true","0","PgR004_g211","32866","0.33133484162895926"
"","","","1.9224904701397714","0.0011348851696637735","0.520158625247852","0.45816346340516406","102",,"4","false","PgR006_g058","209.1764705882353","0","102",,,"0","0.9978546733252563","true","0","PgR006_g058","27590","0.28002204898023464"
"","","","1.6124523506988564","0.003104366520080867","0.6201733648542159","0.595185106683623","337",,"4","false","PgR006_g075","266.5341246290801","0","337",,,"0","0.9985756922076771","true","0","PgR006_g075","127876","0.35255836591148165"
"","","","1.733163913595934","0.008329262328395709","0.5769794721407624","0.5575034578146612","241",,"4","false","PgR006_g112","259.58921161825725","0","241",,,"0","0.9982949676428001","true","0","PgR006_g112","265856","0.3438157786265835"
"","","","1.8564167725540026","5.51554207124941E-4","0.5386721423682409","0.6424500396796768","167",,"4","false","PgR006_g144","274.3952095808383","0","167",,,"0","0.9980083330870838","true","0","PgR006_g144","23236","0.3733268157562426"
"","","","1.6531130876747142","7.610112278745661E-4","0.6049192928516526","0.6634718443400115","312",,"4","false","PgR006_g147","280.31089743589746","0","312",,,"0","0.9984811323542447","true","0","PgR006_g147","55456","0.37374786324786324"
"","","","1.8221092757306225","0.0015726476151294159","0.5488145048814506","0.5747208363031598","184",,"4","false","PgR006_g192","260.4402173913044","0","184",,,"0","0.9980881179634172","true","0","PgR006_g192","57712","0.3500540556334736"
"","","","1.6797966963151207","0.00975982855078436","0.5953101361573374","0.46658405617513427","270",,"4","false","PgR007_g006","232.40740740740742","0","270",,,"0","0.9984190774504299","true","0","PgR007_g006","309142","0.3022154794586524"
"","","","1.7293519695044473","7.484715326415373E-4","0.5782512858192506","0.67385794282346","261",,"4","false","PgR007_g134","280.98850574712645","0","261",,,"0","0.9983038326290595","true","0","PgR007_g134","42912","0.3797141969555763"
"","","","1.698856416772554","0.002556850078556636","0.5886312640239342","0.5505752116344693","272",,"4","false","PgR007_g143","257.0367647058824","0","272",,,"0","0.9983747525191335","true","0","PgR007_g143","94052","0.3408975659229209"
"","","","1.9593392630241424","0.001710287435508759","0.5103761348897535","0.4713064713064713","91",,"4","false","PgR007_g173","224.37362637362637","0","91",,,"0","0.9977689784580833","true","0","PgR007_g173","53670","0.30736113201866627"
"","","","1.903430749682338","0.0016960340160133889","0.5253671562082777","0.5011801730920535","124",,"4","false","PgR007_g193","238.0241935483871","0","124",,,"0","0.9978989982565527","true","0","PgR007_g193","52942","0.32164341761115955"
"","","","1.8081321473951715","0.004448435254484059","0.5530569219957836","0.5056766437981908","182",,"4","false","PgR007_g206","239.34615384615384","0","182",,,"0","0.9981206229130345","true","0","PgR007_g206","146132","0.31576009742236655"
"","","","1.6543837357052096","0.0035729234768006922","0.6044546850998465","0.5507737408688966","289",,"3","false","PgR007_g211","251.57439446366783","0","289",,,"0","0.998478177358825","true","0","PgR007_g211","137278","0.3267199928099582"
"","","","1.8526048284625158","0.0025994936857771157","0.5397805212620027","0.5125261834939254","155",,"4","false","PgR008_g003","236.9225806451613","0","155",,,"0","0.998017198073343","true","0","PgR008_g003","98490","0.3158967741935484"
"","","","1.5794155019059721","0.004062500415021179","0.6331456154465004","0.5503959567344836","353",,"3","false","PgR008_g028","256.64305949008497","0","353",,,"0","0.9986525220885907","true","0","PgR008_g028","159842","0.335481123516451"
"","","","1.6442185514612453","0.005344906409667237","0.6081916537867078","0.497796759541726","298",,"3","false","PgR008_g041","237.26174496644296","0","298",,,"0","0.9985018173221832","true","0","PgR008_g041","188998","0.3085328283048673"
"","","","2.156289707750953","1.914085711373252E-4","0.4637595757218621","0.6585858585858586","55",,"4","false","PgR008_g049","201.65454545454546","0","55",,,"0","0.9973109541680211","true","0","PgR008_g049","5300","0.32789356984478935"
"","","","1.7039390088945363","0.0017934947682441678","0.5868754660700969","0.623549439636828","266",,"4","false","PgR008_g066","269.1353383458647","0","266",,,"0","0.9983629325374547","true","0","PgR008_g066","71862","0.3559991247961173"
"","","","1.639135959339263","8.21917466691192E-4","0.610077519379845","0.6618538543458671","313",,"4","false","PgR008_g149","279.09584664536743","0","313",,,"0","0.9985136373038621","true","0","PgR008_g149","58578","0.36723137716495713"
"","","","1.531130876747141","0.004265406108297169","0.6531120331950208","0.5199393579856305","390",,"4","false","PgR008_g161","249.41794871794872","0","390",,,"0","0.9987648119145416","true","0","PgR008_g161","171658","0.3251863738174038"
"","","","1.5184243964421855","0.0034531597830128984","0.6585774058577406","0.5282812868326696","402",,"4","false","PgR008_g180","252.90547263681592","0","402",,,"0","0.9987943618687392","true","0","PgR008_g180","167930","0.3305953890677332"
"","","","1.5628970775095299","0.0026607276230093684","0.6398373983739837","0.5868734005720307","365",,"3","false","PgR010_g026","265.4109589041096","0","365",,,"0","0.9986909370290475","true","0","PgR010_g026","131066","0.34648950248578275"
"","","","1.5921219822109276","0.010182946133495612","0.6280925778132482","0.5348082595870206","340",,"4","false","PgR010_g039","252.87941176470588","0","340",,,"0","0.9986229721343932","true","0","PgR010_g039","303918","0.3288418878604758"
"","","","1.6531130876747142","8.49341282808012E-4","0.6049192928516526","0.6735056474470156","308",,"3","false","PgR010_g044","281.737012987013","0","308",,,"0","0.9984811323542447","true","0","PgR010_g044","56044","0.3746502832274109"
"","","","1.6175349428208385","0.003232654778190297","0.6182246661429694","0.5656736760124611","321",,"4","false","PgR010_g105","257.95327102803736","0","321",,,"0","0.9985638722259981","true","0","PgR010_g105","134240","0.33587665498442365"
"","","","1.9466327827191867","7.584006243642757E-4","0.5137075718015666","0.6695146958304853","133",,"4","false","PgR010_g106","250.94736842105263","0","133",,,"0","0.997798528412281","true","0","PgR010_g106","27250","0.35900911075973196"
"","","","1.4930114358322744","0.005052422825562726","0.6697872340425532","0.5031488271928293","415",,"3","false","PgR010_g138","247.27951807228916","0","415",,,"0","0.9988534617771343","true","0","PgR010_g138","211780","0.3207257043739159"
"","","","2.036848792884371","3.054154569909769E-4","0.4909544603867748","0.5075187969924813","57",,"4","false","PgR010_g187","210.31578947368422","0","57",,,"0","0.9975887237374782","true","0","PgR010_g187","8000","0.29916897506925205"
"","","","1.5895806861499364","0.0029374691450479665","0.6290967226219025","0.5794253162436123","346",,"4","false","PgR010_g203","262.39884393063585","0","346",,,"0","0.9986288821252327","true","0","PgR010_g203","121590","0.3430050247459292"
"","","","1.687420584498094","0.001186122315355513","0.5926204819277109","0.6694458566344688","281",,"4","false","PgR011_g012","279.65836298932385","0","281",,,"0","0.9984013474779113","true","0","PgR011_g012","61036","0.3708996856622332"
"","","","1.7611181702668361","2.9422649728076E-4","0.5678210678210678","0.7587828492392807","241",,"4","false","PgR011_g013","296.12033195020746","0","241",,,"0","0.9982299577435655","true","0","PgR011_g013","21988","0.40233740754104275"
"","","","1.7280813214739517","0.00145533464899462","0.5786764705882353","0.6069115170358855","249",,"4","false","PgR011_g022","265.7429718875502","0","249",,,"0","0.9983067876244792","true","0","PgR011_g022","60834","0.35244425979781197"
"","","","1.7026683608640407","0.0018627240010071543","0.5873134328358208","0.6118408371196475","270",,"3","false","PgR011_g026","271.3888888888889","0","270",,,"0","0.9983658875328744","true","0","PgR011_g026","83280","0.3613700251516497"
"","","","1.6518424396442186","0.00657159823646336","0.6053846153846154","0.5400131808125029","292",,"3","false","PgR011_g176","249.93150684931507","0","292",,,"0","0.9984840873496647","true","0","PgR011_g176","252162","0.32500846144254236"
"","","","1.9212198221092758","0.001878769859337101","0.5205026455026455","0.5583947583947584","111",,"4","false","PgR011_g184","245.73873873873873","0","111",,,"0","0.9978576283206761","true","0","PgR011_g184","73430","0.33207937667397125"
"","","","2.054637865311309","8.181727972940928E-5","0.4867037724180581","0.7745232646834478","115",,"4","false","PgR012_g020","233.24347826086955","0","115",,,"0","0.9975473538016016","true","0","PgR012_g020","5738","0.3661593065319773"
"","","","1.5781448538754765","0.0024898637521530756","0.6336553945249597","0.6058321729805861","354",,"3","false","PgR012_g105","268.9491525423729","0","354",,,"0","0.9986554770840105","true","0","PgR012_g105","120904","0.3515675196632325"
"","","","1.6404066073697585","0.0010615385086986547","0.6096049573973664","0.6574754278504711","314",,"4","false","PgR012_g107","278.61783439490443","0","314",,,"0","0.9985106823084424","true","0","PgR012_g107","67884","0.368055263401459"
"","","","1.5730622617534942","0.00215417857489492","0.635702746365105","0.5995493169334773","358",,"4","false","PgR012_g108","268.05027932960894","0","358",,,"0","0.9986672970656896","true","0","PgR012_g108","115150","0.34993509050862787"
"","","","1.5781448538754765","0.0020738633377841782","0.6336553945249597","0.5872204981300231","355",,"3","false","PgR012_g116","265.2112676056338","0","355",,,"0","0.9986554770840105","true","0","PgR012_g116","112084","0.3471351670230809"
"","","","1.6670902160101653","8.913059574462817E-4","0.5998475609756098","0.6792533839513706","298",,"4","false","PgR012_g118","282.98322147651004","0","298",,,"0","0.9984486274046276","true","0","PgR012_g118","52002","0.3758077310445021"
"","","","1.622617534942821","0.0058066014129335075","0.6162881754111198","0.523447860156721","316",,"3","false","PgR012_g140","245.59177215189874","0","316",,,"0","0.998552052244319","true","0","PgR012_g140","211654","0.31978095332278483"
"","","","1.5616264294790343","0.002150451847614634","0.6403580146460537","0.5845143900530388","372",,"3","false","PgR012_g144","264.98924731182797","0","372",,,"0","0.9986938920244673","true","0","PgR012_g144","124764","0.3486700622524052"
"","","","1.8055908513341805","9.167217283514438E-4","0.553835327234342","0.6439091670361066","202",,"4","false","PgR012_g145","277.55940594059405","0","202",,,"0","0.9981265329038741","true","0","PgR012_g145","42846","0.3750802782981001"
"","","","1.6188055908513341","0.001131066126057201","0.6177394034536892","0.6387532110423677","333",,"4","false","PgR012_g146","275.984984984985","0","333",,,"0","0.9985609172305784","true","0","PgR012_g146","75666","0.3650595039483928"
"","","","1.8869123252858957","0.0010373149375586073","0.52996632996633","0.5171013779527559","128",,"4","false","PgR012_g171","240.859375","0","128",,,"0","0.9979374131970096","true","0","PgR012_g171","39134","0.3215745994659546"
"","","","1.7077509529860229","0.0025985902436303572","0.5855654761904762","0.5899013663921817","258",,"3","false","PgR012_g188","259.22868217054264","0","258",,,"0","0.9983540675511953","true","0","PgR012_g188","101018","0.34153976570558975"
"","","","1.7318932655654384","0.0040199135892827415","0.5774027879677183","0.521961774251713","236",,"4","false","PgR012_g193","245.13135593220338","0","236",,,"0","0.9982979226382199","true","0","PgR012_g193","133554","0.3208525601206851"
"","","","2.1207115628970774","1.366580746824476E-4","0.4715398442180947","0.5478991596638656","35",,"4","false","PgR013_g058","210.4","0","35",,,"0","0.9973936940397742","true","0","PgR013_g058","4898","0.3187878787878788"
"","","","1.5387547649301143","0.006261640609489897","0.6498761354252683","0.5172900001396044","379",,"4","false","PgR013_g069","248.14775725593668","0","379",,,"0","0.998747081942023","true","0","PgR013_g069","231926","0.32143491872530655"
"","","","1.9923761118170267","6.288884864409389E-4","0.5019132653061225","0.5404944586530265","69",,"4","false","PgR013_g092","240.5072463768116","0","69",,,"0","0.9976921485771697","true","0","PgR013_g092","28902","0.3317341329335332"
"","","","1.855146124523507","0.002136246242638876","0.5390410958904109","0.5562042523527362","152",,"4","false","PgR013_g129","252.11184210526315","0","152",,,"0","0.9980112880825035","true","0","PgR013_g129","76214","0.33614912280701753"
"","","","1.6912325285895806","0.00229877010665998","0.5912847483095417","0.6187244128420599","273",,"4","false","PgR013_g144","267.75457875457874","0","273",,,"0","0.9983924824916521","true","0","PgR013_g144","93508","0.35323823054693765"
"","","","2.0050825921219824","0.0011147198382117913","0.4987325728770595","0.36445012787723785","69",,"4","false","PgR015_g012","185.2463768115942","0","69",,,"0","0.9976625986229721","true","0","PgR015_g012","21580","0.2594284090447773"
"","","","1.6836086404066073","0.004751302800705794","0.5939622641509434","0.4827268153613953","268",,"3","false","PgR015_g054","234.6492537313433","0","268",,,"0","0.9984102124641707","true","0","PgR015_g054","141212","0.30553288246268656"
"","","","1.8348157560355782","0.0036311566717831165","0.5450138504155124","0.6591340348456098","187",,"4","false","PgR016_g083","277.9465240641711","0","187",,,"0","0.9980585680092195","true","0","PgR016_g083","122824","0.38022048764786354"
"","","","1.7458703939008895","0.003499865348548323","0.5727802037845706","0.5250240230621397","224",,"3","false","PgR016_g134","244.92857142857142","0","224",,,"0","0.9982654176886027","true","0","PgR016_g134","114536","0.32100730200337013"
"","","","2.054637865311309","2.8147519773264156E-4","0.4867037724180581","0.4929078014184397","48",,"4","false","PgR016_g139","208.9375","0","48",,,"0","0.9975473538016016","true","0","PgR016_g139","8006","0.29976685796269725"
"","","","1.6111817026683608","0.0020074656848383687","0.6206624605678234","0.613402249481309","332",,"3","false","PgR018_g034","269.50602409638554","0","332",,,"0","0.9985786472030967","true","0","PgR018_g034","98534","0.3541472064341466"
"","","","1.7776365946632782","0.001830781999188598","0.5625446747676912","0.5299004975124378","201",,"4","false","PgR018_g038","241.69651741293532","0","201",,,"0","0.9981915428031086","true","0","PgR018_g038","72008","0.3171870307256369"
"","","","1.9593392630241424","0.0014109724418125066","0.5103761348897535","0.5367521367521367","91",,"4","false","PgR018_g063","217.58241758241758","0","91",,,"0","0.9977689784580833","true","0","PgR018_g063","41672","0.298861852433281"
"","","","1.9872935196950445","0.0010565169381936855","0.5031969309462916","0.5003164556962025","80",,"4","false","PgR018_g075","243.475","0","80",,,"0","0.9977039685588487","true","0","PgR018_g075","30790","0.3386300417246175"
"","","","1.7382465057179162","0.0011447607219002816","0.5752923976608187","0.6944549226706903","242",,"4","false","PgR019_g016","282.59504132231405","0","242",,,"0","0.998283147661121","true","0","PgR019_g016","45592","0.375791278354141"
"","","","1.641677255400254","0.0012164546675589507","0.6091331269349846","0.6134471102316762","312",,"4","false","PgR019_g042","272.3044871794872","0","312",,,"0","0.9985077273130226","true","0","PgR019_g042","73740","0.3587674402891794"
"","","","2.087674714104193","0.0033228453891722093","0.4790018259281802","0.3940795559666975","47",,"4","false","PgR019_g101","197.93617021276594","0","47",,,"0","0.9974705239206879","true","0","PgR019_g101","61348","0.29361070774670117"
